{"cameraMode":{"drawMode":0,"name":"Shaded","section":"Shading Mode"},"sceneLighting":false,"audioPlay":false,"sceneViewState":{"m_AlwaysRefresh":false,"showFog":true,"showSkybox":false,"showFlares":true,"showImageEffects":true,"showParticleSystems":true,"showVisualEffectGraphs":true,"m_FxEnabled":true},"in2DMode":false,"pivot":{"x":23.796537399291993,"y":0.26522573828697207,"z":26.899812698364259},"rotation":{"x":0.3375875651836395,"y":-0.28118205070495608,"z":0.10643462091684342,"w":0.891988217830658},"size":3.0516388416290285,"orthographic":false}