{"cameraMode":{"drawMode":0,"name":"Shaded","section":"Shading Mode"},"sceneLighting":false,"audioPlay":false,"sceneViewState":{"m_AlwaysRefresh":false,"showFog":true,"showSkybox":false,"showFlares":true,"showImageEffects":true,"showParticleSystems":true,"showVisualEffectGraphs":true,"m_FxEnabled":true},"in2DMode":false,"pivot":{"x":-63.20724105834961,"y":17.443771362304689,"z":-61.873497009277347},"rotation":{"x":0.20867720246315003,"y":0.36318323016166689,"z":-0.0837511345744133,"w":0.9042436480522156},"size":2.9154868125915529,"orthographic":false}