{"cameraMode":{"drawMode":0,"name":"Shaded","section":"Shading Mode"},"sceneLighting":false,"audioPlay":false,"sceneViewState":{"m_AlwaysRefresh":false,"showFog":true,"showSkybox":false,"showFlares":true,"showImageEffects":true,"showParticleSystems":true,"showVisualEffectGraphs":true,"m_FxEnabled":true},"in2DMode":false,"pivot":{"x":-0.04740709066390991,"y":0.638020932674408,"z":0.009334743022918702},"rotation":{"x":0.022638697177171708,"y":0.9270575046539307,"z":-0.37003836035728457,"w":0.05648814141750336},"size":0.9339141249656677,"orthographic":false}